<?xml version="1.0" encoding="UTF-8"?>
<project-private xmlns="http://www.netbeans.org/ns/project-private/1">
    <editor-bookmarks xmlns="http://www.netbeans.org/ns/editor-bookmarks/2" lastBookmarkId="0"/>
    <open-files xmlns="http://www.netbeans.org/ns/projectui-open-files/2">
        <group>
            <file>file:/C:/Users/Itzel%20cg/Documents/NetBeansProjects/analizadorLexico_1Cod/src/analizadorlexico_1cod/Lexer.java</file>
            <file>file:/C:/Users/Itzel%20cg/Documents/NetBeansProjects/analizadorLexico_1Cod/src/analizadorlexico_1cod/AnalizadorLexico_1Cod.java</file>
            <file>file:/C:/Users/Itzel%20cg/Documents/NetBeansProjects/analizadorLexico_1Cod/src/analizadorlexico_1cod/FrmPrincipal.java</file>
        </group>
    </open-files>
</project-private>
